"ES","CIL","CUL","Variable"
-0.122904493813851,-0.230292054921329,-0.0155169327063738,"Tmax"
