"ES","CIL","CUL","Variable"
-0.178937819314071,-0.296195110800866,-0.0616805278272754,"Tmin"
