"ES","CIL","CUL","Variable"
-0.151677839548052,-0.273946300129707,-0.0294093789663979,"Tmax"
