"ES","CIL","CUL","Variable"
-0.165092162184721,-0.364948544614636,0.0347642202451952,"Tmax"
