"ES","CIL","CUL","Variable"
0.146158663922609,-0.0147767916498715,0.30709411949509,"S. Precipitation"
