"ES","CIL","CUL","Variable"
0.123589013750968,0.0241857404319367,0.222992287069999,"S. Precipitation"
