"ES","CIL","CUL","Variable"
-0.204554790994069,-0.311420106039203,-0.0976894759489354,"Tmin"
