"ES","CIL","CUL","Variable"
-0.0687026458686225,-0.186728435598258,0.0493231438610131,"Tmax"
