"ES","CIL","CUL","Variable"
0.126382545844996,0.0577889160521511,0.194976175637841,"S. Precipitation"
