"ES","CIL","CUL","Variable"
-0.280395023682306,-0.603056869844283,0.0422668224796713,"Tmin"
