"ES","CIL","CUL","Variable"
0.215744221304549,0.108495023128935,0.322993419480163,"S. Precipitation"
