"ES","CIL","CUL","Variable"
-0.145157840529303,-0.369886393902238,0.0795707128436317,"Tmax"
