"ES","CIL","CUL","Variable"
-0.194655543026948,-0.291627425895186,-0.0976836601587089,"Tmin"
