"ES","CIL","CUL","Variable"
-0.283218754156689,-0.523923345114229,-0.0425141631991498,"Tmax"
