"ES","CIL","CUL","Variable"
-0.267384342892233,-0.521494203881289,-0.0132744819031759,"Tmin"
