"ES","CIL","CUL","Variable"
-0.167411488315798,-0.266098926713642,-0.068724049917954,"Tmin"
