"ES","CIL","CUL","Variable"
0.185450837593912,0.00708540238991143,0.363816272797913,"S. Precipitation"
