"ES","CIL","CUL","Variable"
0.145040645461138,-0.0285614212479118,0.318642712170189,"S. Precipitation"
