"ES","CIL","CUL","Variable"
-0.0413202752967257,-0.276896967528244,0.194256416934793,"Year"
