"ES","CIL","CUL","Variable"
-0.133474297916404,-0.329470696434745,0.0625221006019379,"Year"
