"ES","CIL","CUL","Variable"
0.00932837577098051,-0.195174391105406,0.213831142647367,"Year"
